NMFS_DNA_ID,BOX_ID,BOX_POSITION,SAMPLE_ID,BATCH_ID,PROJECT_NAME,GENUS,SPECIES,LENGTH,WEIGHT,SEX,AGE,REPORTED_LIFE_STAGE,PHENOTYPE,HATCHERY_MARK,TAG_NUMBER,COLLECTION_DATE,ESTIMATED_DATE,PICKER,PICK_DATE,LEFTOVER_SAMPLE ,SAMPLE_COMMENTS,NMFS_DNA_ID,STATE_F,COUNTY_F,WATERSHED,TRIB_1,TRIB_2,WATER_NAME,REACH_SITE,HATCHERY,STRAIN,LATITUDE_F,LONGITUDE_F,LOCATION_COMMENTS_F,NMFS_DNA_ID,SPECIES_CODE,COMMON_NAME,LANDFALL_PORT,CRUISE,HAUL,SITE,STATE_M,COUNTY_M,LATITUDE_M,LONGITUDE_M,LOCATION_COMMENTS_M
M128980,M1322,1A,A060157KSF,5586,,Oncorhynchus,mykiss,142,,,,,,,,8/21/06,,LC,44594,None,Golden trout. Not sure if length is total or fork,M128980,California,Tulare,Kern River,South Fork Kern River,,Mulkey Creek,"Mulkey Creek, Upper",,GT-CA,36.40754,-118.17209,,,,,,,,,,,,,
M128981,M1322,1B,A060160KSF,5586,,Oncorhynchus,mykiss,136,,,,,,,,8/21/06,,LC,44594,None,Golden trout. Not sure if length is total or fork,M128981,California,Tulare,Kern River,South Fork Kern River,,Mulkey Creek,"Mulkey Creek, Upper",,GT-CA,36.40754,-118.17209,,,,,,,,,,,,,
M128982,M1322,1C,A060168KSF,5586,,Oncorhynchus,mykiss,106,,,,,,,,8/21/06,,LC,44594,None,Golden trout. Not sure if length is total or fork,M128982,California,Tulare,Kern River,South Fork Kern River,,Mulkey Creek,"Mulkey Creek, Upper",,GT-CA,36.40754,-118.17209,,,,,,,,,,,,,
M128983,M1322,1D,A060169KSF,5586,,Oncorhynchus,mykiss,103,,,,,,,,8/21/06,,LC,44594,None,Golden trout. Not sure if length is total or fork,M128983,California,Tulare,Kern River,South Fork Kern River,,Mulkey Creek,"Mulkey Creek, Upper",,GT-CA,36.40754,-118.17209,,,,,,,,,,,,,
M128984,M1322,1E,A060174KSF,5586,,Oncorhynchus,mykiss,134,,,,,,,,8/21/06,,LC,44594,None,Golden trout. Not sure if length is total or fork,M128984,California,Tulare,Kern River,South Fork Kern River,,Mulkey Creek,"Mulkey Creek, Upper",,GT-CA,36.40754,-118.17209,,,,,,,,,,,,,
M128985,M1322,1F,A060180KSF,5586,,Oncorhynchus,mykiss,195,,,,,,,,8/21/06,,LC,44594,None,Golden trout. Not sure if length is total or fork,M128985,California,Tulare,Kern River,South Fork Kern River,,Mulkey Creek,"Mulkey Creek, Upper",,GT-CA,36.40754,-118.17209,,,,,,,,,,,,,
M128986,M1322,1G,A060183KSF,5586,,Oncorhynchus,mykiss,102,,,,,,,,8/21/06,,LC,44594,None,Golden trout. Not sure if length is total or fork,M128986,California,Tulare,Kern River,South Fork Kern River,,Mulkey Creek,"Mulkey Creek, Upper",,GT-CA,36.40754,-118.17209,,,,,,,,,,,,,
M128987,M1322,1H,A060185KSF,5586,,Oncorhynchus,mykiss,174,,,,,,,,8/21/06,,LC,44594,,Golden trout. Not sure if length is total or fork,M128987,California,Tulare,Kern River,South Fork Kern River,,Mulkey Creek,"Mulkey Creek, Upper",,GT-CA,36.40754,-118.17209,,,,,,,,,,,,,
M128988,M1322,2A,A060188KSF,5586,,Oncorhynchus,mykiss,154,,,,,,,,8/21/06,,LC,44594,None,Golden trout. Not sure if length is total or fork,M128988,California,Tulare,Kern River,South Fork Kern River,,Mulkey Creek,"Mulkey Creek, Upper",,GT-CA,36.40754,-118.17209,,,,,,,,,,,,,
M128989,M1322,2B,A060192KSF,5586,,Oncorhynchus,mykiss,115,,,,,,,,8/21/06,,LC,44594,None,Golden trout. Not sure if length is total or fork,M128989,California,Tulare,Kern River,South Fork Kern River,,Mulkey Creek,"Mulkey Creek, Upper",,GT-CA,36.40754,-118.17209,,,,,,,,,,,,,
M128990,M1322,2C,A060193KSF,5586,,Oncorhynchus,mykiss,109,,,,,,,,8/21/06,,LC,44594,None,Golden trout. Not sure if length is total or fork,M128990,California,Tulare,Kern River,South Fork Kern River,,Mulkey Creek,"Mulkey Creek, Upper",,GT-CA,36.40754,-118.17209,,,,,,,,,,,,,
M128991,M1322,2D,A060194KSF,5586,,Oncorhynchus,mykiss,109,,,,,,,,8/21/06,,LC,44594,None,Golden trout. Not sure if length is total or fork,M128991,California,Tulare,Kern River,South Fork Kern River,,Mulkey Creek,"Mulkey Creek, Upper",,GT-CA,36.40754,-118.17209,,,,,,,,,,,,,
M128992,M1322,2E,A130118LKR,5586,,Oncorhynchus,mykiss,185,83,,,,,,,6/13/13,,LC,44594,None,Golden trout.,M128992,California,Tulare,Kern River,Little Kern River,,Fish Creek,FISH CREEK 64,,GT-LK,36.18913,-118.52445,,,,,,,,,,,,,
M128993,M1322,2F,A130122LKR,5586,,Oncorhynchus,mykiss,225,116,,,,,,,6/13/13,,LC,44594,None,Golden trout.,M128993,California,Tulare,Kern River,Little Kern River,,Fish Creek,FISH CREEK 64,,GT-LK,36.18913,-118.52445,,,,,,,,,,,,,
M128994,M1322,2G,A130123LKR,5586,,Oncorhynchus,mykiss,228,122,,,,,,,6/13/13,,LC,44594,None,Golden trout.,M128994,California,Tulare,Kern River,Little Kern River,,Fish Creek,FISH CREEK 64,,GT-LK,36.18913,-118.52445,,,,,,,,,,,,,
M128995,M1322,2H,A130125LKR,5586,,Oncorhynchus,mykiss,175,43,,,,,,,6/14/13,,LC,44594,None,Golden trout.,M128995,California,Tulare,Kern River,Little Kern River,,Fish Creek,FISH CREEK SECTION 113,,GT-LK,,,,,,,,,,,,,,,
M128996,M1322,3A,A130127LKR,5586,,Oncorhynchus,mykiss,245,176,,,,,,,6/14/13,,LC,44594,None,Golden trout.,M128996,California,Tulare,Kern River,Little Kern River,,Fish Creek,FISH CREEK SECTION 113,,GT-LK,,,,,,,,,,,,,,,
M128997,M1322,3B,A130128LKR,5586,,Oncorhynchus,mykiss,140,24,,,,,,,9/7/13,,LC,44594,None,Golden trout.,M128997,California,Tulare,Kern River,Little Kern River,,Fish Creek,FISH CREEK SECTION 36,,GT-LK,36.19291,-118.494,,,,,,,,,,,,,
M128998,M1322,3C,A130129LKR,5586,,Oncorhynchus,mykiss,78,4,,,,,,,9/7/13,,LC,44594,None,Golden trout.,M128998,California,Tulare,Kern River,Little Kern River,,Fish Creek,FISH CREEK SECTION 36,,GT-LK,36.19291,-118.494,,,,,,,,,,,,,
M128999,M1322,3D,A130137LKR,5586,,Oncorhynchus,mykiss,122,16,,,,,,,9/7/13,,LC,44594,None,Golden trout.,M128999,California,Tulare,Kern River,Little Kern River,,Fish Creek,FISH CREEK SECTION 36,,GT-LK,36.19291,-118.494,,,,,,,,,,,,,
M129000,M1322,3E,A130140LKR,5586,,Oncorhynchus,mykiss,152,33,,,,,,,9/7/13,,LC,44594,None,Golden trout.,M129000,California,Tulare,Kern River,Little Kern River,,Fish Creek,FISH CREEK SECTION 36,,GT-LK,36.19291,-118.494,,,,,,,,,,,,,
M129001,M1322,3F,A130146LKR,5586,,Oncorhynchus,mykiss,124,16,,,,,,,9/8/13,,LC,44594,None,Golden trout.,M129001,California,Tulare,Kern River,Little Kern River,,Fish Creek,FISH CREEK SECTION 26,,GT-LK,36.19574,-118.48541,,,,,,,,,,,,,
M129002,M1322,3G,A130147LKR,5586,,Oncorhynchus,mykiss,219,79,,,,,,,9/8/13,,LC,44594,None,Golden trout.,M129002,California,Tulare,Kern River,Little Kern River,,Fish Creek,FISH CREEK SECTION 26,,GT-LK,36.19574,-118.48541,,,,,,,,,,,,,
M129003,M1322,3H,A130148LKR,5586,,Oncorhynchus,mykiss,176,44,,,,,,,9/8/13,,LC,44594,None,Golden trout.,M129003,California,Tulare,Kern River,Little Kern River,,Fish Creek,FISH CREEK SECTION 26,,GT-LK,36.19574,-118.48541,,,,,,,,,,,,,
M129004,M1322,4A,A130154LKR,5586,,Oncorhynchus,mykiss,110,13,,,,,,,6/28/13,,LC,44594,None,Golden trout.,M129004,California,Tulare,Kern River,Little Kern River,,Lion Creek,LION CREEK SECTION 34,,GT-LK,36.27448,-118.4846,,,,,,,,,,,,,
M129005,M1322,4B,A130156LKR,5586,,Oncorhynchus,mykiss,166,50,,,,,,,6/28/13,,LC,44594,None,Golden trout.,M129005,California,Tulare,Kern River,Little Kern River,,Lion Creek,LION CREEK SECTION 34,,GT-LK,36.27448,-118.4846,,,,,,,,,,,,,
M129006,M1322,4C,A130159LKR,5586,,Oncorhynchus,mykiss,166,44,,,,,,,6/28/13,,LC,44594,None,Golden trout.,M129006,California,Tulare,Kern River,Little Kern River,,Lion Creek,LION CREEK SECTION 34,,GT-LK,36.27448,-118.4846,,,,,,,,,,,,,
M129007,M1322,4D,A130161LKR,5586,,Oncorhynchus,mykiss,162,53,,,,,,,6/28/13,,LC,44594,None,Golden trout.,M129007,California,Tulare,Kern River,Little Kern River,,Lion Creek,LION CREEK SECTION 34,,GT-LK,36.27448,-118.4846,,,,,,,,,,,,,
M129008,M1322,4E,A130163LKR,5586,,Oncorhynchus,mykiss,71,3,,,,,,,6/28/13,,LC,44594,None,Golden trout.,M129008,California,Tulare,Kern River,Little Kern River,,Lion Creek,LION CREEK SECTION 34,,GT-LK,36.27448,-118.4846,,,,,,,,,,,,,
M129009,M1322,4F,A130165LKR,5586,,Oncorhynchus,mykiss,85,8,,,,,,,6/28/13,,LC,44594,None,Golden trout.,M129009,California,Tulare,Kern River,Little Kern River,,Lion Creek,LION CREEK SECTION 42,,GT-LK,36.27551,-118.47664,,,,,,,,,,,,,
M129010,M1322,4G,A130166LKR,5586,,Oncorhynchus,mykiss,74,5,,,,,,,6/28/13,,LC,44594,None,Golden trout.,M129010,California,Tulare,Kern River,Little Kern River,,Lion Creek,LION CREEK SECTION 42,,GT-LK,36.27551,-118.47664,,,,,,,,,,,,,
M129011,M1322,4H,A130167LKR,5586,,Oncorhynchus,mykiss,141,33,,,,,,,6/28/13,,LC,44594,None,Golden trout.,M129011,California,Tulare,Kern River,Little Kern River,,Lion Creek,LION CREEK SECTION 42,,GT-LK,36.27551,-118.47664,,,,,,,,,,,,,
M129012,M1322,5A,A130168LKR,5586,,Oncorhynchus,mykiss,177,54,,,,,,,6/28/13,,LC,44594,None,Golden trout.,M129012,California,Tulare,Kern River,Little Kern River,,Lion Creek,LION CREEK SECTION 42,,GT-LK,36.27551,-118.47664,,,,,,,,,,,,,
M129013,M1322,5B,A130173LKR,5586,,Oncorhynchus,mykiss,185,58,,,,,,,6/29/13,,LC,44594,None,Golden trout.,M129013,California,Tulare,Kern River,Little Kern River,,Lion Creek,LION CREEK SECTION 16,,GT-LK,36.26576,-118.50072,,,,,,,,,,,,,
M129014,M1322,5C,A130174LKR,5586,,Oncorhynchus,mykiss,166,42,,,,,,,6/29/13,,LC,44594,None,Golden trout.,M129014,California,Tulare,Kern River,Little Kern River,,Lion Creek,LION CREEK SECTION 16,,GT-LK,36.26576,-118.50072,,,,,,,,,,,,,
M129015,M1322,5D,A130175LKR,5586,,Oncorhynchus,mykiss,175,56,,,,,,,6/29/13,,LC,44594,None,Golden trout.,M129015,California,Tulare,Kern River,Little Kern River,,Lion Creek,LION CREEK SECTION 16,,GT-LK,36.26576,-118.50072,,,,,,,,,,,,,
M129016,M1322,5E,A130209LKR,5586,,Oncorhynchus,mykiss,173,50,,,,,,,7/13/13,,LC,44594,None,Golden trout.,M129016,California,Tulare,Kern River,Little Kern River,,Tamarack Creek,TAMARACK CREEK SECTION 7,,GT-LK,36.29973,-118.51027,,,,,,,,,,,,,
M129017,M1322,5F,A130215LKR,5586,,Oncorhynchus,mykiss,166,34,,,,,,,7/13/13,,LC,44594,None,Golden trout.,M129017,California,Tulare,Kern River,Little Kern River,,Tamarack Creek,TAMARACK CREEK SECTION 7,,GT-LK,36.29973,-118.51027,,,,,,,,,,,,,
M129018,M1322,5G,A130220LKR,5586,,Oncorhynchus,mykiss,85,6,,,,,,,7/13/13,,LC,44594,None,Golden trout.,M129018,California,Tulare,Kern River,Little Kern River,,Tamarack Creek,TAMARACK CREEK SECTION 7,,GT-LK,36.29973,-118.51027,,,,,,,,,,,,,
M129019,M1322,5H,A130222LKR,5586,,Oncorhynchus,mykiss,145,30,,,,,,,7/13/13,,LC,44594,None,Golden trout.,M129019,California,Tulare,Kern River,Little Kern River,,Tamarack Creek,TAMARACK CREEK SECTION 7,,GT-LK,36.29973,-118.51027,,,,,,,,,,,,,
M129020,M1322,6A,A130225LKR,5586,,Oncorhynchus,mykiss,96,9,,,,,,,7/12/13,,LC,44594,None,Golden trout.,M129020,California,Tulare,Kern River,Little Kern River,,Tamarack Creek,TAMARACK CREEK SECTION 12,,GT-LK,36.30157,-118.50568,,,,,,,,,,,,,
M129021,M1322,6B,A130229LKR,5586,,Oncorhynchus,mykiss,180,61,,,,,,,7/12/13,,LC,44594,None,Golden trout.,M129021,California,Tulare,Kern River,Little Kern River,,Tamarack Creek,TAMARACK CREEK SECTION 12,,GT-LK,36.30157,-118.50568,,,,,,,,,,,,,
M129022,M1322,6C,A130230LKR,5586,,Oncorhynchus,mykiss,148,32,,,,,,,7/12/13,,LC,44594,None,Golden trout.,M129022,California,Tulare,Kern River,Little Kern River,,Tamarack Creek,TAMARACK CREEK SECTION 12,,GT-LK,36.30157,-118.50568,,,,,,,,,,,,,
M129023,M1322,6D,A130237LKR,5586,,Oncorhynchus,mykiss,107,12,,,,,,,7/15/13,,LC,44594,None,Golden trout.,M129023,California,Tulare,Kern River,Little Kern River,,Tamarack Creek,TAMARACK CREEK SECTION 25,,GT-LK,36.3101,-118.49799,,,,,,,,,,,,,
M129024,M1322,6E,A130241LKR,5586,,Oncorhynchus,mykiss,177,59,,,,,,,7/15/13,,LC,44594,None,Golden trout.,M129024,California,Tulare,Kern River,Little Kern River,,Tamarack Creek,TAMARACK CREEK SECTION 25,,GT-LK,36.3101,-118.49799,,,,,,,,,,,,,
M129025,M1322,6F,A130243LKR,5586,,Oncorhynchus,mykiss,219,94,,,,,,,7/15/13,,LC,44594,None,Golden trout.,M129025,California,Tulare,Kern River,Little Kern River,,Tamarack Creek,TAMARACK CREEK SECTION 25,,GT-LK,36.3101,-118.49799,,,,,,,,,,,,,
M129026,M1322,6G,A130246LKR,5586,,Oncorhynchus,mykiss,103,11,,,,,,,7/15/13,,LC,44594,None,Golden trout.,M129026,California,Tulare,Kern River,Little Kern River,,Tamarack Creek,TAMARACK CREEK SECTION 25,,GT-LK,36.3101,-118.49799,,,,,,,,,,,,,
M129027,M1322,6H,A130248LKR,5586,,Oncorhynchus,mykiss,93,9,,,,,,,7/15/13,,LC,44594,None,Golden trout.,M129027,California,Tulare,Kern River,Little Kern River,,Tamarack Creek,TAMARACK CREEK SECTION 25,,GT-LK,36.3101,-118.49799,,,,,,,,,,,,,
M129028,M1322,7A,A140256LKR,5586,,Oncorhynchus,mykiss,135,26.1,,,,,,,6/13/14,,LC,44594,None,Golden trout. Not sure if length is total or fork,M129028,California,Tulare,Kern River,Little Kern River,Clicks Creek,North Fork Clicks Creek,NORTH FORK CLICKS CREEK (SECTION 6),,GT-LK,36.20764,-118.5428,,,,,,,,,,,,,
M129029,M1322,7B,A140257LKR,5586,,Oncorhynchus,mykiss,124,19.3,,,,,,,6/13/14,,LC,44594,None,Golden trout. Not sure if length is total or fork,M129029,California,Tulare,Kern River,Little Kern River,Clicks Creek,North Fork Clicks Creek,NORTH FORK CLICKS CREEK (SECTION 6),,GT-LK,36.20764,-118.5428,,,,,,,,,,,,,
M129030,M1322,7C,A140258LKR,5586,,Oncorhynchus,mykiss,175,56.7,,,,,,,6/13/14,,LC,44594,None,Golden trout. Not sure if length is total or fork,M129030,California,Tulare,Kern River,Little Kern River,Clicks Creek,North Fork Clicks Creek,NORTH FORK CLICKS CREEK (SECTION 6),,GT-LK,36.20764,-118.5428,,,,,,,,,,,,,
M129031,M1322,7D,A140259LKR,5586,,Oncorhynchus,mykiss,189,76.7,,,,,,,6/13/14,,LC,44594,None,Golden trout. Not sure if length is total or fork,M129031,California,Tulare,Kern River,Little Kern River,Clicks Creek,North Fork Clicks Creek,NORTH FORK CLICKS CREEK (SECTION 6),,GT-LK,36.20764,-118.5428,,,,,,,,,,,,,
M129032,M1322,7E,A140260LKR,5586,,Oncorhynchus,mykiss,175,53.2,,,,,,,6/13/14,,LC,44594,None,Golden trout. Not sure if length is total or fork,M129032,California,Tulare,Kern River,Little Kern River,Clicks Creek,North Fork Clicks Creek,NORTH FORK CLICKS CREEK (SECTION 6),,GT-LK,36.20764,-118.5428,,,,,,,,,,,,,
M129033,M1322,7F,A140262LKR,5586,,Oncorhynchus,mykiss,161,43.1,,,,,,,6/13/14,,LC,44594,None,Golden trout. Not sure if length is total or fork,M129033,California,Tulare,Kern River,Little Kern River,Clicks Creek,North Fork Clicks Creek,NORTH FORK CLICKS CREEK (SECTION 6),,GT-LK,36.20764,-118.5428,,,,,,,,,,,,,
M129034,M1322,7G,A140264LKR,5586,,Oncorhynchus,mykiss,133,28,,,,,,,6/13/14,,LC,44594,None,Golden trout. Not sure if length is total or fork,M129034,California,Tulare,Kern River,Little Kern River,Clicks Creek,North Fork Clicks Creek,NORTH FORK CLICKS CREEK (SECTION 6),,GT-LK,36.20764,-118.5428,,,,,,,,,,,,,
M129037,M1322,8B,A140269LKR,5586,,Oncorhynchus,mykiss,109,16.6,,,,,,,6/13/14,,LC,44594,None,Golden trout. Not sure if length is total or fork,M129037,California,Tulare,Kern River,Little Kern River,Clicks Creek,North Fork Clicks Creek,NORTH FORK CLICKS CREEK (SECTION 6),,GT-LK,36.20764,-118.5428,,,,,,,,,,,,,
M129038,M1322,8C,A140271LKR,5586,,Oncorhynchus,mykiss,97,8.5,,,,,,,6/17/14,,LC,44594,None,Golden trout. Not sure if length is total or fork,M129038,California,Tulare,Kern River,Little Kern River,Clicks Creek,North Fork Clicks Creek,NORTH FORK CLICKS CREEK (SECTION 36),,GT-LK,36.20489,-118.57469,,,,,,,,,,,,,
M129039,M1322,8D,A140275LKR,5586,,Oncorhynchus,mykiss,253,162,,,,,,,6/17/14,,LC,44594,None,Golden trout. Not sure if length is total or fork,M129039,California,Tulare,Kern River,Little Kern River,Clicks Creek,North Fork Clicks Creek,NORTH FORK CLICKS CREEK (SECTION 36),,GT-LK,36.20489,-118.57469,,,,,,,,,,,,,
M129040,M1322,8E,A150002LKR,5586,,Oncorhynchus,mykiss,152.4,,,,,,,,7/25/15,,LC,44594,None,Golden trout. Not sure if length is total or fork,M129040,California,Tulare,Kern River,Little Kern River,Soda Spring Creek,Deadman Creek,,,GT-LK,36.33051,-118.55653,,,,,,,,,,,,,
M129041,M1322,8F,A150003LKR,5586,,Oncorhynchus,mykiss,177.8,,,,,,,,7/25/15,,LC,44594,None,Golden trout. Not sure if length is total or fork,M129041,California,Tulare,Kern River,Little Kern River,Soda Spring Creek,Deadman Creek,,,GT-LK,36.33051,-118.55653,,,,,,,,,,,,,
M129042,M1322,8G,A150005LKR,5586,,Oncorhynchus,mykiss,152.4,,,,,,,,7/25/15,,LC,44594,None,Golden trout. Not sure if length is total or fork,M129042,California,Tulare,Kern River,Little Kern River,Soda Spring Creek,Deadman Creek,,,GT-LK,36.33051,-118.55653,,,,,,,,,,,,,
M129043,M1322,8H,A150008LKR,5586,,Oncorhynchus,mykiss,177.8,,,,,,,,7/25/15,,LC,44594,None,Golden trout. Not sure if length is total or fork,M129043,California,Tulare,Kern River,Little Kern River,Soda Spring Creek,Deadman Creek,,,GT-LK,36.33051,-118.55653,,,,,,,,,,,,,
M129044,M1322,9A,A150012LKR,5586,,Oncorhynchus,mykiss,101.6,,,,,,,,7/25/15,,LC,44594,None,Golden trout. Not sure if length is total or fork,M129044,California,Tulare,Kern River,Little Kern River,Soda Spring Creek,Deadman Creek,,,GT-LK,36.33051,-118.55653,,,,,,,,,,,,,
M129046,M1322,9C,A150021LKR,5586,,Oncorhynchus,mykiss,177.8,,,,,,,,7/25/15,,LC,44594,None,Golden trout. Not sure if length is total or fork,M129046,California,Tulare,Kern River,Little Kern River,Soda Spring Creek,Deadman Creek,,,GT-LK,36.33051,-118.55653,,,,,,,,,,,,,
M129047,M1322,9D,A150029LKR,5586,,Oncorhynchus,mykiss,127,,,,,,,,7/25/15,,LC,44594,None,Golden trout. Not sure if length is total or fork,M129047,California,Tulare,Kern River,Little Kern River,Soda Spring Creek,Deadman Creek,,,GT-LK,36.33051,-118.55653,,,,,,,,,,,,,
M129048,M1322,9E,A150030LKR,5586,,Oncorhynchus,mykiss,152.4,,,,,,,,7/25/15,,LC,44594,None,Golden trout. Not sure if length is total or fork,M129048,California,Tulare,Kern River,Little Kern River,Soda Spring Creek,Deadman Creek,,,GT-LK,36.33051,-118.55653,,,,,,,,,,,,,
M129049,M1322,9F,A150033LKR,5586,,Oncorhynchus,mykiss,127,,,,,,,,7/25/15,,LC,44594,None,Golden trout. Not sure if length is total or fork,M129049,California,Tulare,Kern River,Little Kern River,Soda Spring Creek,Deadman Creek,,,GT-LK,36.33051,-118.55653,,,,,,,,,,,,,
M129050,M1322,9G,A150034LKR,5586,,Oncorhynchus,mykiss,177.8,,,,,,,,7/25/15,,LC,44594,None,Golden trout. Not sure if length is total or fork,M129050,California,Tulare,Kern River,Little Kern River,Soda Spring Creek,Deadman Creek,,,GT-LK,36.33051,-118.55653,,,,,,,,,,,,,
M129051,M1322,9H,A150035LKR,5586,,Oncorhynchus,mykiss,152.4,,,,,,,,7/25/15,,LC,44594,None,Golden trout. Not sure if length is total or fork,M129051,California,Tulare,Kern River,Little Kern River,Soda Spring Creek,Deadman Creek,,,GT-LK,36.33051,-118.55653,,,,,,,,,,,,,
M133563,M1370,4F,OMY3723,0279,,Oncorhynchus,mykiss,360,,,,,,,,6/15/02,,LC,9/12/22,,,M133563,California,Monterey,Salinas River,,,Nacimiento River,,,,,,,,,,,,,,,,,,
M133564,M1370,4G,OMY3724,0279,,Oncorhynchus,mykiss,385,,,,,,,,6/15/02,,LC,9/12/22,,,M133564,California,Monterey,Salinas River,,,Nacimiento River,,,,,,,,,,,,,,,,,,
M133566,M1370,5A,OMY3739,0281,,Oncorhynchus,mykiss,380,,,,,,,,7/6/03,,LC,9/12/22,,,M133566,California,Monterey,Salinas River,,,Nacimiento River,,,,,,,,,,,,,,,,,,
M133568,M1370,5C,OMY3741,0281,,Oncorhynchus,mykiss,330,,,,,,,,7/19/03,,LC,9/12/22,,,M133568,California,Monterey,Salinas River,,,Nacimiento River,,,,,,,,,,,,,,,,,,
M133569,M1370,5D,OMY3742,0281,,Oncorhynchus,mykiss,290,,,,,,,,7/27/03,,LC,9/12/22,,,M133569,California,Monterey,Salinas River,,,Nacimiento River,,,,,,,,,,,,,,,,,,
M133573,M1370,5H,OMY3746,0281,,Oncorhynchus,mykiss,375,,,,,,,,8/10/03,,LC,9/12/22,,,M133573,California,Monterey,Salinas River,,,Nacimiento River,,,,,,,,,,,,,,,,,,
M133574,M1370,6A,OMY3747,0281,,Oncorhynchus,mykiss,375,,,,,,,,8/10/03,,LC,9/12/22,,,M133574,California,Monterey,Salinas River,,,Nacimiento River,,,,,,,,,,,,,,,,,,
M133575,M1370,6B,OMY3748,0281,,Oncorhynchus,mykiss,360,,,,,,,,8/17/03,,LC,9/12/22,,,M133575,California,Monterey,Salinas River,,,Nacimiento River,,,,,,,,,,,,,,,,,,
M133577,M1370,6D,OMY3750,0281,,Oncorhynchus,mykiss,390,,,,,,,,8/31/03,,LC,9/12/22,,,M133577,California,Monterey,Salinas River,,,Nacimiento River,,,,,,,,,,,,,,,,,,
M133578,M1370,6E,OMY3751,0281,,Oncorhynchus,mykiss,400,,,,,,,,9/6/03,,LC,9/12/22,,,M133578,California,Monterey,Salinas River,,,Nacimiento River,,,,,,,,,,,,,,,,,,
M133579,M1370,6F,OMY3752,0281,,Oncorhynchus,mykiss,370,,,,,,,,9/21/03,,LC,9/12/22,,,M133579,California,Monterey,Salinas River,,,Nacimiento River,,,,,,,,,,,,,,,,,,
M133585,M1370,7D,OMY3933,0281,,Oncorhynchus,mykiss,,,,,,,,,5/29/04,,LC,9/12/22,,,M133585,California,Monterey,Salinas River,,,Nacimiento River,,,,,,,,,,,,,,,,,,
M133586,M1370,7E,OMY3934,0281,,Oncorhynchus,mykiss,340,,,,,,,,5/30/04,,LC,9/12/22,,,M133586,California,Monterey,Salinas River,,,Nacimiento River,,,,,,,,,,,,,,,,,,
M133587,M1370,7F,OMY3935,0281,,Oncorhynchus,mykiss,350,,,,,,,,6/5/04,,LC,9/12/22,,,M133587,California,Monterey,Salinas River,,,Nacimiento River,,,,,,,,,,,,,,,,,,
M133588,M1370,7G,OMY3936,0281,,Oncorhynchus,mykiss,290,,,,,,,,6/26/04,,LC,9/12/22,,,M133588,California,Monterey,Salinas River,,,Nacimiento River,,,,,,,,,,,,,,,,,,
M133589,M1370,7H,1,0999,,Oncorhynchus,mykiss,685.8,,Male,,Adult,,,,2/6/04,,LC,9/12/22,,,M133589,California,Santa Cruz,San Lorenzo River,,,San Lorenzo River,,,,,,,,,,,,,,,,,,
M133590,M1370,8A,2,0999,,Oncorhynchus,mykiss,711.2,,Male,,Adult,,,,2/6/04,,LC,9/12/22,,,M133590,California,Santa Cruz,San Lorenzo River,,,San Lorenzo River,,,,,,,,,,,,,,,,,,
M133591,M1370,8B,3,0999,,Oncorhynchus,mykiss,635,,Male,,Adult,,,,2/6/04,,LC,9/12/22,,,M133591,California,Santa Cruz,San Lorenzo River,,,San Lorenzo River,,,,,,,,,,,,,,,,,,
M133592,M1370,8C,4,0999,,Oncorhynchus,mykiss,736.6,,Male,,Adult,,,,2/6/04,,LC,9/12/22,,,M133592,California,Santa Cruz,San Lorenzo River,,,San Lorenzo River,,,,,,,,,,,,,,,,,,
M133593,M1370,8D,6,0999,,Oncorhynchus,mykiss,635,,Female,,Adult,,,,2/6/04,,LC,9/12/22,,,M133593,California,Santa Cruz,San Lorenzo River,,,San Lorenzo River,,,,,,,,,,,,,,,,,,
M133594,M1370,8E,7,0999,,Oncorhynchus,mykiss,711.2,,Female,,Adult,,,,2/6/04,,LC,9/12/22,,,M133594,California,Santa Cruz,San Lorenzo River,,,San Lorenzo River,,,,,,,,,,,,,,,,,,
M133595,M1370,8F,8,0999,,Oncorhynchus,mykiss,685.8,,Male,,Adult,,,,2/6/04,,LC,9/12/22,,,M133595,California,Santa Cruz,San Lorenzo River,,,San Lorenzo River,,,,,,,,,,,,,,,,,,
M133597,M1370,8H,275,0999,,Oncorhynchus,mykiss,685.8,,Male,,Adult,,,,2/17/04,,LC,9/12/22,,,M133597,California,Santa Cruz,San Lorenzo River,,,San Lorenzo River,,,,,,,,,,,,,,,,,,
M133598,M1370,9A,276,0999,,Oncorhynchus,mykiss,711.2,,Female,,Adult,,,,2/17/04,,LC,9/12/22,,,M133598,California,Santa Cruz,San Lorenzo River,,,San Lorenzo River,,,,,,,,,,,,,,,,,,
M133599,M1370,9B,277,0999,,Oncorhynchus,mykiss,685.8,,Female,,Adult,,,,2/17/04,,LC,9/12/22,,,M133599,California,Santa Cruz,San Lorenzo River,,,San Lorenzo River,,,,,,,,,,,,,,,,,,
M133600,M1370,9C,278,0999,,Oncorhynchus,mykiss,660.4,,Female,,Adult,,,,2/17/04,,LC,9/12/22,,,M133600,California,Santa Cruz,San Lorenzo River,,,San Lorenzo River,,,,,,,,,,,,,,,,,,
M133601,M1370,9D,279,0999,,Oncorhynchus,mykiss,660.4,,Female,,Adult,,,,2/17/04,,LC,9/12/22,,,M133601,California,Santa Cruz,San Lorenzo River,,,San Lorenzo River,,,hatchery,,,,,,,,,,,,,,,
M133602,M1370,9E,280,0999,,Oncorhynchus,mykiss,635,,Female,,Adult,,,,2/17/04,,LC,9/12/22,,,M133602,California,Santa Cruz,San Lorenzo River,,,San Lorenzo River,,,wild,,,,,,,,,,,,,,,
M133603,M1370,9F,282,0999,,Oncorhynchus,mykiss,812.8,,Female,,Adult,,,,2/17/04,,LC,9/12/22,,,M133603,California,Santa Cruz,San Lorenzo River,,,San Lorenzo River,,,wild,,,,,,,,,,,,,,,
M133604,M1370,9G,283,0999,,Oncorhynchus,mykiss,711.2,,Female,,Adult,,,,2/17/04,,LC,9/12/22,,,M133604,California,Santa Cruz,San Lorenzo River,,,San Lorenzo River,,,hatchery,,,,,,,,,,,,,,,